-- phpMyAdmin SQL Dump
-- version 5.2.1
-- https://www.phpmyadmin.net/
--
-- Máy chủ: 127.0.0.1
-- Thời gian đã tạo: Th9 27, 2023 lúc 07:15 AM
-- Phiên bản máy phục vụ: 10.4.28-MariaDB
-- Phiên bản PHP: 8.2.4

SET SQL_MODE = "NO_AUTO_VALUE_ON_ZERO";
START TRANSACTION;
SET time_zone = "+00:00";


/*!40101 SET @OLD_CHARACTER_SET_CLIENT=@@CHARACTER_SET_CLIENT */;
/*!40101 SET @OLD_CHARACTER_SET_RESULTS=@@CHARACTER_SET_RESULTS */;
/*!40101 SET @OLD_COLLATION_CONNECTION=@@COLLATION_CONNECTION */;
/*!40101 SET NAMES utf8mb4 */;

--
-- Cơ sở dữ liệu: `it-device`
--

-- --------------------------------------------------------

--
-- Cấu trúc bảng cho bảng `categories`
--

CREATE TABLE `categories` (
  `id` bigint(20) UNSIGNED NOT NULL,
  `name` varchar(255) NOT NULL,
  `main_cat_id` bigint(20) UNSIGNED NOT NULL,
  `created_at` timestamp NULL DEFAULT NULL,
  `updated_at` timestamp NULL DEFAULT NULL
) ENGINE=InnoDB DEFAULT CHARSET=utf8mb4 COLLATE=utf8mb4_unicode_ci;

--
-- Đang đổ dữ liệu cho bảng `categories`
--

INSERT INTO `categories` (`id`, `name`, `main_cat_id`, `created_at`, `updated_at`) VALUES
(1, 'Thương Hiệu', 1, '2023-09-25 01:22:46', '2023-09-25 01:22:46'),
(2, 'Giá Bán', 1, '2023-09-25 01:23:00', '2023-09-25 01:23:00'),
(3, 'CPU Intel - AMD', 1, '2023-09-25 01:23:34', '2023-09-25 01:23:34'),
(4, 'Nhu Cầu Sử Dụng', 1, '2023-09-25 01:23:55', '2023-09-25 01:23:55'),
(5, 'Phụ Kiện Laptop', 1, '2023-09-25 01:25:07', '2023-09-25 01:25:07'),
(6, 'Linh Kiện Laptop', 1, '2023-09-25 01:25:08', '2023-09-25 01:25:08'),
(7, 'Laptop ASUS', 1, '2023-09-25 01:26:15', '2023-09-25 01:26:15'),
(8, 'Laptop ACER', 1, '2023-09-25 01:26:32', '2023-09-25 01:26:32'),
(9, 'Laptop MSI', 1, '2023-09-25 01:26:43', '2023-09-25 01:26:43'),
(10, 'Laptop LENOVO', 1, '2023-09-25 01:26:57', '2023-09-25 01:26:57'),
(11, 'Laptop DELL', 1, '2023-09-25 01:27:16', '2023-09-25 01:27:16'),
(12, 'Laptop HP', 1, '2023-09-25 01:27:36', '2023-09-25 01:27:36'),
(13, 'Thương Hiệu', 2, '2023-09-25 01:28:10', '2023-09-25 01:28:10'),
(14, 'Giá Bán', 2, '2023-09-25 01:28:40', '2023-09-25 01:28:40'),
(15, 'ACER | PREDATOR', 2, '2023-09-25 01:29:05', '2023-09-25 01:29:05'),
(16, 'ASUS | ROG Gaming', 2, '2023-09-25 01:29:20', '2023-09-25 01:29:20'),
(17, 'MSI Gaming', 2, '2023-09-25 01:29:40', '2023-09-25 01:29:40'),
(18, 'LENOVO Gaming', 2, '2023-09-25 01:29:57', '2023-09-25 01:29:57'),
(19, 'DELL Gaming', 2, '2023-09-25 01:30:13', '2023-09-25 01:30:13'),
(20, 'GIGABYTE Gaming', 2, '2023-09-25 01:30:33', '2023-09-25 01:30:33'),
(21, 'Card Đồ Họa', 2, '2023-09-25 01:30:54', '2023-09-25 01:30:54'),
(22, 'Linh Kiện Laptop', 2, '2023-09-25 01:31:13', '2023-09-25 01:31:13'),
(23, 'Phụ Kiện Laptop', 2, '2023-09-25 01:31:34', '2023-09-25 01:31:34'),
(24, 'Giá tốt chơi hè', 3, '2023-09-25 01:42:56', '2023-09-25 01:42:56'),
(25, 'KHUYẾN MÃI ĐẶC BIỆT', 3, '2023-09-25 01:43:07', '2023-09-25 01:43:07'),
(26, 'GVN WHITE EDITON', 3, '2023-09-25 01:43:31', '2023-09-25 01:43:31'),
(27, 'GVN POSEIDON-CUSTOM NƯỚC', 3, '2023-09-25 01:43:57', '2023-09-25 01:43:57'),
(28, 'GIAN HÀNG CHÍNH HÃNG', 3, '2023-09-25 01:44:13', '2023-09-25 01:44:13'),
(29, 'GVN TITAN - Core i9', 4, '2023-09-25 01:44:56', '2023-09-25 01:44:56'),
(30, 'GVN PHANTOM - Core i7', 4, '2023-09-25 01:45:28', '2023-09-25 01:45:28'),
(31, 'GVN VIPER - Core i5', 4, '2023-09-25 01:46:00', '2023-09-25 01:46:00'),
(32, 'GVN MINION - Core i3', 4, '2023-09-25 01:46:24', '2023-09-25 01:46:24'),
(33, 'GVN TITAN - Ryzen 9', 4, '2023-09-25 01:48:07', '2023-09-25 01:48:07'),
(34, 'GVN PHANTOM - Ryzen 7', 4, '2023-09-25 01:48:29', '2023-09-25 01:48:29'),
(35, 'GVN VIPER - Ryzen 5', 4, '2023-09-25 01:48:43', '2023-09-25 01:48:43'),
(36, 'G-Studio Đồ Họa, Thiết Kế', 5, '2023-09-25 01:48:59', '2023-09-25 01:48:59'),
(37, 'G-Studio Render - Dựng Phim', 5, '2023-09-25 01:49:13', '2023-09-25 01:49:13'),
(38, 'GVN Doanh Nghiệp', 5, '2023-09-25 01:49:30', '2023-09-25 01:49:30'),
(39, 'GVN NUC', 5, '2023-09-25 01:49:44', '2023-09-25 01:49:44'),
(40, 'GVN PC All In One', 5, '2023-09-25 01:50:03', '2023-09-25 01:50:03'),
(41, 'RAM DDR4', 6, '2023-09-25 01:50:15', '2023-09-25 01:50:15'),
(42, 'RAM DDR5', 6, '2023-09-25 01:50:29', '2023-09-25 01:50:29'),
(43, 'SSD', 6, '2023-09-25 01:50:41', '2023-09-25 01:50:41'),
(44, 'HDD', 6, '2023-09-25 01:50:53', '2023-09-25 01:50:53'),
(45, 'Thẻ Nhớ - USB', 6, '2023-09-25 01:51:04', '2023-09-25 01:51:04'),
(46, 'VGA - Card Màn Hình', 7, '2023-09-25 01:51:32', '2023-09-25 01:51:32'),
(47, 'CPU - Bộ Xử Lý Intel', 7, '2023-09-25 01:51:58', '2023-09-25 01:51:58'),
(48, 'CPU Intel - AMD', 7, '2023-09-25 01:52:12', '2023-09-25 01:52:12'),
(49, 'Tản Nhiệt - Fan RGB', 7, '2023-09-25 01:52:40', '2023-09-25 01:52:40'),
(50, 'Bo Mạch Chủ Intel', 7, '2023-09-25 01:52:56', '2023-09-25 01:52:56'),
(51, 'Bo Mạch Chủ AMD', 7, '2023-09-25 01:53:24', '2023-09-25 01:53:24'),
(52, 'Case - Vỏ Máy Tính', 7, '2023-09-25 01:53:36', '2023-09-25 01:53:36'),
(53, 'Linh Kiện PC ITX', 7, '2023-09-25 01:53:54', '2023-09-25 01:53:54'),
(54, 'PSU - Nguồn Máy Tính', 7, '2023-09-25 01:55:21', '2023-09-25 01:55:21'),
(55, 'Macbook', 8, '2023-09-25 01:57:09', '2023-09-25 01:57:09'),
(56, 'Macbook Air', 8, '2023-09-25 01:57:30', '2023-09-25 01:57:30'),
(57, 'Macbook Pro', 8, '2023-09-25 01:57:57', '2023-09-25 01:57:57'),
(58, 'Macbook Pro 13', 8, '2023-09-25 01:58:10', '2023-09-25 01:58:10'),
(59, 'Macbook Pro 14', 8, '2023-09-25 01:58:26', '2023-09-25 01:58:26'),
(60, 'Macbook Pro 16', 8, '2023-09-25 01:58:38', '2023-09-25 01:58:38'),
(61, 'iMac', 8, '2023-09-25 01:58:47', '2023-09-25 01:58:47'),
(62, 'Mac mini', 8, '2023-09-25 01:59:10', '2023-09-25 01:59:10'),
(63, 'Phụ Kiện Apple', 8, '2023-09-25 01:59:31', '2023-09-25 01:59:31'),
(64, 'Mac Studio', 8, '2023-09-25 01:59:42', '2023-09-25 01:59:42'),
(65, 'Phụ Kiện HyperDriver', 8, '2023-09-25 01:59:53', '2023-09-25 01:59:53'),
(66, 'Phụ Kiện HyperDriver', 8, '2023-09-25 01:59:53', '2023-09-25 01:59:53'),
(67, 'Hãng Sản Xuất', 9, '2023-09-25 02:00:04', '2023-09-25 02:00:04'),
(68, 'Giá Tiền', 9, '2023-09-25 02:00:25', '2023-09-25 02:00:25'),
(69, 'Độ Phân Giải', 9, '2023-09-25 02:00:35', '2023-09-25 02:00:35'),
(70, 'Tần Số Quét', 9, '2023-09-25 02:00:46', '2023-09-25 02:00:46'),
(71, 'Màn Hình Cong', 9, '2023-09-25 02:00:56', '2023-09-25 02:00:56'),
(72, 'Kích Thước', 9, '2023-09-25 02:01:11', '2023-09-25 02:01:11'),
(73, 'Màn Hình Đồ Họa', 9, '2023-09-25 02:01:23', '2023-09-25 02:01:23'),
(74, 'Phụ Kiện Màn Hình', 9, '2023-09-25 02:01:38', '2023-09-25 02:01:38'),
(75, 'Màn Hình Di Động', 9, '2023-09-25 02:01:53', '2023-09-25 02:01:53'),
(76, 'Máy Chiếu', 9, '2023-09-25 02:02:13', '2023-09-25 02:02:13'),
(77, 'Thương Hiệu', 10, '2023-09-25 02:02:33', '2023-09-25 02:02:33'),
(78, 'Giá Tiền', 10, '2023-09-25 02:02:55', '2023-09-25 02:02:55'),
(79, 'Thương Hiệu Akko', 10, '2023-09-25 02:03:05', '2023-09-25 02:03:05'),
(80, 'Thương Hiệu Leopold', 10, '2023-09-25 02:03:28', '2023-09-25 02:03:28'),
(81, 'Thương Hiệu IKBC', 10, '2023-09-25 02:03:49', '2023-09-25 02:03:49'),
(82, 'Thương Hiệu Razer', 10, '2023-09-25 02:04:07', '2023-09-25 02:04:07'),
(83, 'Thương Hiệu Corsair', 10, '2023-09-25 02:04:22', '2023-09-25 02:04:22'),
(84, 'Kết Nối', 10, '2023-09-25 02:04:32', '2023-09-25 02:04:32'),
(85, 'Phụ Kiện Bàn Phím Cơ', 10, '2023-09-25 02:04:43', '2023-09-25 02:04:43'),
(86, 'Chuột Theo Hãng', 11, '2023-09-25 02:04:56', '2023-09-25 02:04:56'),
(87, 'Chuột Theo Giá Tiền', 11, '2023-09-25 02:05:12', '2023-09-25 02:05:12'),
(88, 'Thương Hiệu Logitech', 11, '2023-09-25 02:05:26', '2023-09-25 02:05:26'),
(89, 'Chuột Không Dây', 11, '2023-09-25 02:05:34', '2023-09-25 02:05:34'),
(90, 'Lót Chuột Theo Hãng', 11, '2023-09-25 02:05:44', '2023-09-25 02:05:44'),
(91, 'Các Loại Lót Chuột', 11, '2023-09-25 02:05:54', '2023-09-25 02:05:54'),
(92, 'Lót Chuột Theo Size', 11, '2023-09-25 02:06:01', '2023-09-25 02:06:01'),
(93, 'Hãng Tai Nghe', 12, '2023-09-25 02:06:11', '2023-09-25 02:06:11'),
(94, 'Tai Nghe Theo Giá', 12, '2023-09-25 02:06:21', '2023-09-25 02:06:21'),
(95, 'Kiểu Kết Nối', 12, '2023-09-25 02:06:30', '2023-09-25 02:06:30'),
(96, 'Kiểu Tai Nghe', 12, '2023-09-25 02:06:40', '2023-09-25 02:06:40'),
(97, 'Loa Theo Thương Hiệu', 12, '2023-09-25 02:06:51', '2023-09-25 02:06:51'),
(98, 'Loa Theo Giá Tiền', 12, '2023-09-25 02:07:00', '2023-09-25 02:07:00'),
(99, 'Dạng Loa', 12, '2023-09-25 02:07:15', '2023-09-25 02:07:15'),
(100, 'Kiểu Loa', 12, '2023-09-25 02:07:27', '2023-09-25 02:07:27'),
(101, 'Giá Treo Tai Nghe', 12, '2023-09-25 02:07:37', '2023-09-25 02:07:37'),
(102, 'Thương Hiệu Ghế Gaming', 13, '2023-09-25 02:08:02', '2023-09-25 02:08:02'),
(103, 'Thương Hiệu Ghế CTH', 13, '2023-09-25 02:08:07', '2023-09-25 02:08:07'),
(104, 'Kiểu Ghế', 13, '2023-09-25 02:08:22', '2023-09-25 02:08:22'),
(105, 'Thương Hiệu Corsair', 13, '2023-09-25 02:08:38', '2023-09-25 02:08:38'),
(106, 'Thương Hiệu Sihoo', 13, '2023-09-25 02:08:55', '2023-09-25 02:08:55'),
(107, 'Thương Hiệu DXRacer', 13, '2023-09-25 02:09:12', '2023-09-25 02:09:12'),
(108, 'Bàn Gaming', 13, '2023-09-25 02:09:19', '2023-09-25 02:09:19'),
(109, 'Bàn Công Thái Học', 13, '2023-09-25 02:09:28', '2023-09-25 02:09:28'),
(110, 'Lựa Chọn Theo Cân Nặng', 13, '2023-09-25 02:09:37', '2023-09-25 02:09:37'),
(111, 'Chất Liệu', 13, '2023-09-25 02:09:48', '2023-09-25 02:09:48'),
(112, 'Giá Tiền', 13, '2023-09-25 02:09:56', '2023-09-25 02:09:56'),
(113, 'Phụ Kiện Trang Trí', 13, '2023-09-25 02:10:15', '2023-09-25 02:10:15'),
(114, 'PegBoard', 13, '2023-09-25 02:10:24', '2023-09-25 02:10:24'),
(115, 'Hãng Sản Xuất', 14, '2023-09-25 02:10:38', '2023-09-25 02:10:38'),
(116, 'Router Wi-Fi', 14, '2023-09-25 02:10:47', '2023-09-25 02:10:47'),
(117, 'USB Thu Sóng - Card Mạng', 14, '2023-09-25 02:10:57', '2023-09-25 02:10:57'),
(118, 'Microsoft Office', 14, '2023-09-25 02:11:16', '2023-09-25 02:11:16'),
(119, 'Microsoft Windows', 14, '2023-09-25 02:11:26', '2023-09-25 02:11:26'),
(120, 'Thiết Bị Streaming', 15, '2023-09-25 02:11:36', '2023-09-25 02:11:36'),
(121, 'Asus ROG', 15, '2023-09-25 02:11:44', '2023-09-25 02:11:44'),
(122, 'Microphone', 15, '2023-09-25 02:11:52', '2023-09-25 02:11:52'),
(123, 'Webcam', 15, '2023-09-25 02:12:01', '2023-09-25 02:12:01'),
(124, 'Đèn Led Trang Trí', 15, '2023-09-25 02:12:10', '2023-09-25 02:12:10'),
(125, 'Balo & Túi Sách', 15, '2023-09-25 02:12:18', '2023-09-25 02:12:18'),
(126, 'Đế Tản Nhiệt Laptop', 15, '2023-09-25 02:12:28', '2023-09-25 02:12:28'),
(127, 'Tay Cầm & Vô Lăng', 15, '2023-09-25 02:12:41', '2023-09-25 02:12:41'),
(128, 'Cổng Chuyển USB, Giá Đỡ', 15, '2023-09-25 02:12:49', '2023-09-25 02:12:49'),
(129, 'Phụ Kiện Dây HDMI,DP,LAN', 15, '2023-09-25 02:13:02', '2023-09-25 02:13:02'),
(130, 'Bộ Lưu Điện', 15, '2023-09-25 02:13:11', '2023-09-25 02:13:11'),
(131, 'Thẻ Nhớ - USB', 15, '2023-09-25 02:13:19', '2023-09-25 02:13:19'),
(132, 'Camera', 15, '2023-09-25 02:13:26', '2023-09-25 02:13:26');

-- --------------------------------------------------------

--
-- Cấu trúc bảng cho bảng `child_categories`
--

CREATE TABLE `child_categories` (
  `id` bigint(20) UNSIGNED NOT NULL,
  `name` varchar(255) NOT NULL,
  `cat_id` bigint(20) UNSIGNED NOT NULL,
  `created_at` timestamp NULL DEFAULT NULL,
  `updated_at` timestamp NULL DEFAULT NULL
) ENGINE=InnoDB DEFAULT CHARSET=utf8mb4 COLLATE=utf8mb4_unicode_ci;

--
-- Đang đổ dữ liệu cho bảng `child_categories`
--

INSERT INTO `child_categories` (`id`, `name`, `cat_id`, `created_at`, `updated_at`) VALUES
(1, 'ASUS', 1, '2023-09-25 06:34:54', '2023-09-25 06:34:54'),
(2, 'ACER', 1, '2023-09-25 06:35:29', '2023-09-25 06:35:29'),
(3, 'MSI', 1, '2023-09-25 06:35:44', '2023-09-25 06:35:44'),
(4, 'LENOVO', 1, '2023-09-25 06:35:59', '2023-09-25 06:35:59'),
(5, 'HP', 1, '2023-09-25 06:36:13', '2023-09-25 06:36:13'),
(6, 'DELL', 1, '2023-09-25 06:37:05', '2023-09-25 06:37:05'),
(7, 'LG Gram', 1, '2023-09-25 06:37:24', '2023-09-25 06:37:24'),
(8, 'Dưới 15 Triệu', 2, '2023-09-25 06:38:26', '2023-09-25 06:38:26'),
(9, 'Từ 15 Đến 20 Triệu', 2, '2023-09-25 06:38:50', '2023-09-25 06:38:50'),
(10, 'Trên 20 Triệu', 2, '2023-09-25 06:39:10', '2023-09-25 06:39:10'),
(11, 'Intel Core i3', 3, '2023-09-25 06:40:10', '2023-09-25 06:40:10'),
(12, 'Intel Core i5', 3, '2023-09-25 06:40:45', '2023-09-25 06:40:45'),
(13, 'Intel Core i7', 3, '2023-09-25 06:41:00', '2023-09-25 06:41:00'),
(14, 'AMD Ryzen', 3, '2023-09-25 06:41:28', '2023-09-25 06:41:28'),
(15, 'Intel Gen 13', 3, '2023-09-25 06:41:48', '2023-09-25 06:41:48'),
(16, 'Đồ Họa - Studio', 4, '2023-09-25 06:42:49', '2023-09-25 06:42:49'),
(17, 'Học Sinh - Sinh Viên', 4, '2023-09-25 06:43:20', '2023-09-25 06:43:20'),
(18, 'Mỏng Nhẹ Cao Cấp', 4, '2023-09-25 06:43:47', '2023-09-25 06:43:47'),
(19, 'Studio RTX 40 Series', 4, '2023-09-25 06:44:42', '2023-09-25 06:44:42'),
(20, 'Studio RTX 40 Series', 4, '2023-09-25 06:46:13', '2023-09-25 06:46:13'),
(21, 'Ram Laptop', 6, '2023-09-25 06:46:29', '2023-09-25 06:46:29'),
(22, 'SSD Laptop', 6, '2023-09-25 06:46:50', '2023-09-25 06:46:50'),
(23, 'Ổ Cứng Di Động', 6, '2023-09-25 06:47:15', '2023-09-25 06:47:15'),
(24, 'Balo - Túi Chống Sốc', 5, '2023-09-25 06:47:44', '2023-09-25 06:47:44'),
(25, 'Đế Tản Nhiệt LAPTOP', 5, '2023-09-25 06:48:16', '2023-09-25 06:48:16'),
(26, 'ASUS OLED Series', 7, '2023-09-25 06:48:38', '2023-09-25 06:48:38'),
(27, 'Vivobook Series', 7, '2023-09-25 06:49:36', '2023-09-25 06:49:36'),
(28, 'Zenbook Series', 7, '2023-09-25 06:49:46', '2023-09-25 06:49:46'),
(29, 'ExpertBook Series', 7, '2023-09-25 06:50:12', '2023-09-25 06:50:12'),
(30, 'ProArt StudioBook Series', 7, '2023-09-25 06:50:27', '2023-09-25 06:50:27'),
(31, 'Aspire Series', 8, '2023-09-25 06:51:10', '2023-09-25 06:51:10'),
(32, 'Swift Series', 8, '2023-09-25 06:51:21', '2023-09-25 06:51:21'),
(33, 'Modern Series', 9, '2023-09-25 06:53:09', '2023-09-25 06:53:09'),
(34, 'Prestige Series', 9, '2023-09-25 06:53:19', '2023-09-25 06:53:19'),
(35, 'Summit Series', 9, '2023-09-25 06:53:41', '2023-09-25 06:53:41'),
(36, 'CREATOR Series', 9, '2023-09-25 06:53:53', '2023-09-25 06:53:53'),
(37, 'ThinkBook Series', 10, '2023-09-25 06:55:03', '2023-09-25 06:55:03'),
(38, 'IdeaPad Series', 10, '2023-09-25 06:55:29', '2023-09-25 06:55:29'),
(39, 'IdeaPad Pro Series', 10, '2023-09-25 06:55:41', '2023-09-25 06:55:41'),
(40, 'ThinkPad Series', 10, '2023-09-25 06:55:53', '2023-09-25 06:55:53'),
(41, 'Yoga Series', 10, '2023-09-25 06:56:16', '2023-09-25 06:56:16'),
(42, 'Inspiron Series', 11, '2023-09-25 06:57:17', '2023-09-25 06:57:17'),
(43, 'Vostro Series', 11, '2023-09-25 06:57:29', '2023-09-25 06:57:29'),
(44, 'Latitude Series', 11, '2023-09-25 06:57:41', '2023-09-25 06:57:41'),
(45, 'XPS Series', 11, '2023-09-25 06:58:00', '2023-09-25 06:58:00'),
(46, 'Pavilion Series', 12, '2023-09-25 06:58:32', '2023-09-25 06:58:32'),
(47, 'Envy Series', 12, '2023-09-25 06:58:42', '2023-09-25 06:58:42'),
(48, 'Probook Series', 12, '2023-09-25 06:58:53', '2023-09-25 06:58:53'),
(49, 'ACER / PREDATOR', 13, '2023-09-25 06:59:51', '2023-09-25 06:59:51'),
(50, 'ASUS / ROG', 13, '2023-09-25 07:00:01', '2023-09-25 07:00:01'),
(51, 'MSI', 13, '2023-09-25 07:00:15', '2023-09-25 07:00:15'),
(52, 'LENOVO', 13, '2023-09-25 07:01:14', '2023-09-25 07:01:14'),
(53, 'DELL', 13, '2023-09-25 07:01:26', '2023-09-25 07:01:26'),
(54, 'GIGABYTE / AORUS', 13, '2023-09-25 07:01:37', '2023-09-25 07:01:37'),
(55, 'HP', 13, '2023-09-25 07:01:51', '2023-09-25 07:01:51'),
(56, 'Dưới 20 triệu', 14, '2023-09-25 07:02:37', '2023-09-25 07:02:37'),
(57, 'Từ 20 đến 25 triệu', 14, '2023-09-25 07:02:52', '2023-09-25 07:02:52'),
(58, 'Từ 25 đến 30 triệu', 14, '2023-09-25 07:03:06', '2023-09-25 07:03:06'),
(59, 'Trên 30 triệu', 14, '2023-09-25 07:03:36', '2023-09-25 07:03:36'),
(60, 'Gaming cao cấp', 14, '2023-09-25 07:04:02', '2023-09-25 07:04:02'),
(61, 'Gaming RTX 40 Series', 14, '2023-09-25 07:04:15', '2023-09-25 07:04:15'),
(63, 'Nitro Series', 15, '2023-09-25 07:46:36', '2023-09-25 07:46:36'),
(64, 'Aspire Series', 15, '2023-09-25 07:46:49', '2023-09-25 07:46:49'),
(65, 'Predator Series', 15, '2023-09-25 07:47:02', '2023-09-25 07:47:02'),
(66, 'ConceptD Series', 15, '2023-09-25 07:47:14', '2023-09-25 07:47:14'),
(67, 'ACER RTX 40 Series', 15, '2023-09-25 07:47:27', '2023-09-25 07:47:27'),
(68, 'ROG Series', 16, '2023-09-25 07:48:09', '2023-09-25 07:48:09'),
(69, 'TUF Series', 16, '2023-09-25 07:48:23', '2023-09-25 07:48:23'),
(70, 'Zephyrus Series', 16, '2023-09-25 07:48:34', '2023-09-25 07:48:34'),
(71, 'ROG Strix G', 16, '2023-09-25 07:48:45', '2023-09-25 07:48:45'),
(72, 'ROG Flow series', 16, '2023-09-25 07:48:58', '2023-09-25 07:48:58'),
(73, 'TUF RTX 40 Series', 16, '2023-09-25 07:49:25', '2023-09-25 07:49:25'),
(74, 'ROG RTX 40 Series', 16, '2023-09-25 07:49:38', '2023-09-25 07:49:38'),
(75, 'ROG Ally', 16, '2023-09-25 07:49:48', '2023-09-25 07:49:48'),
(76, 'GF Series', 17, '2023-09-25 07:50:30', '2023-09-25 07:50:30'),
(77, 'GS Series', 17, '2023-09-25 07:50:45', '2023-09-25 07:50:45'),
(78, 'Bravo Series', 17, '2023-09-25 07:50:59', '2023-09-25 07:50:59'),
(79, 'Creator Series', 17, '2023-09-25 07:53:09', '2023-09-25 07:53:09'),
(80, 'MSI AMD Series', 17, '2023-09-25 07:53:28', '2023-09-25 07:53:28'),
(81, 'Crosshair Series', 17, '2023-09-25 07:53:41', '2023-09-25 07:53:41'),
(82, 'MSI RTX 40 Series', 17, '2023-09-25 07:53:52', '2023-09-25 07:53:52'),
(83, 'Legion Gaming', 18, '2023-09-25 07:55:10', '2023-09-25 07:55:10'),
(84, 'Ideapad Gaming', 18, '2023-09-25 07:55:23', '2023-09-25 07:55:23'),
(85, 'Lenovo RTX 40 Series', 18, '2023-09-25 07:55:34', '2023-09-25 07:55:34'),
(86, 'Dell Gaming G series', 19, '2023-09-25 07:56:50', '2023-09-25 07:56:50'),
(87, 'Alienware Series', 19, '2023-09-25 07:57:10', '2023-09-25 07:57:10'),
(88, 'Dell RTX 40 Series', 19, '2023-09-25 07:57:20', '2023-09-25 07:57:20'),
(89, 'GIGABYTE G5 | G7', 20, '2023-09-25 07:58:04', '2023-09-25 07:58:04'),
(90, 'GIGABYTE AORUS', 20, '2023-09-25 07:58:21', '2023-09-25 07:58:21'),
(91, 'GIGABYTE AERO', 20, '2023-09-25 07:58:38', '2023-09-25 07:58:38'),
(92, 'GIGABYTE RTX 40 Series', 20, '2023-09-25 07:58:52', '2023-09-25 07:58:52'),
(93, 'GTX 1650', 21, '2023-09-25 07:59:30', '2023-09-25 07:59:30'),
(94, 'RTX 3050 / 3050Ti', 21, '2023-09-25 08:00:52', '2023-09-25 08:00:52'),
(95, 'RTX 3060', 21, '2023-09-25 08:01:02', '2023-09-25 08:01:02'),
(96, 'RTX 3070 / 3080', 21, '2023-09-25 08:01:25', '2023-09-25 08:01:25'),
(97, 'AMD Radeon RX', 21, '2023-09-25 08:01:37', '2023-09-25 08:01:37'),
(98, 'RTX 40 Series', 21, '2023-09-25 08:02:03', '2023-09-25 08:02:03'),
(99, 'Ram Laptop', 22, '2023-09-25 08:02:58', '2023-09-25 08:02:58'),
(100, 'SSD Laptop', 22, '2023-09-25 08:03:21', '2023-09-25 08:03:21'),
(101, 'Ổ Cứng Di Động', 22, '2023-09-25 08:03:44', '2023-09-25 08:03:44'),
(102, 'Đế Tản Nhiệt', 23, '2023-09-25 08:04:56', '2023-09-25 08:04:56'),
(103, 'Homework R3 4300G', 24, '2023-09-25 08:05:33', '2023-09-25 08:05:33'),
(104, 'Viper Plus a3050 - Tặng màn hình', 24, '2023-09-25 08:05:58', '2023-09-25 08:05:58'),
(105, 'Viper a6600 - Giá cực tốt', 24, '2023-09-25 08:06:15', '2023-09-25 08:06:15'),
(106, 'Minion i1650 - Giá cực tốt', 24, '2023-09-25 08:06:28', '2023-09-25 08:06:28'),
(107, 'Viper a4060 - Tặng màn hình', 25, '2023-09-25 08:10:04', '2023-09-25 08:10:04'),
(108, 'Viper Plus i3060 - Tặng màn hình LG', 25, '2023-09-25 08:10:48', '2023-09-25 08:10:48'),
(109, 'Viper i4060 - Tặng tản nhiệt Corsair', 25, '2023-09-25 08:11:05', '2023-09-25 08:11:05'),
(110, 'Viper Plus i4060 - Tặng tản nhiệt Corsair', 25, '2023-09-25 08:11:39', '2023-09-25 08:11:39'),
(111, 'Viper Plus i4070 - Tặng màn hình', 25, '2023-09-25 08:13:27', '2023-09-25 08:13:27'),
(112, 'Phantom i4060TI - Tặng tản nhiệt Corsair', 25, '2023-09-25 08:13:42', '2023-09-25 08:13:42'),
(113, 'Phantom i4070 - Tặng tản nhiệt Corsair', 25, '2023-09-25 08:14:00', '2023-09-25 08:14:00'),
(114, 'Phantom Plus i4070Ti - Tặng tản nhiệt', 25, '2023-09-25 08:14:21', '2023-09-25 08:14:21'),
(115, 'Titan Plus i4060Ti - Tặng tản nhiệt', 25, '2023-09-25 08:16:36', '2023-09-25 08:16:36'),
(116, 'Titan Plus i4090 - Quà tặng 10tr', 25, '2023-09-25 08:16:54', '2023-09-25 08:16:54'),
(121, 'Poseidon 9 i3090', 26, '2023-09-25 08:21:08', '2023-09-25 08:21:08'),
(122, 'Poseidon S WHITE', 26, '2023-09-25 08:21:21', '2023-09-25 08:21:21'),
(123, 'Phantom Plus i4080', 26, '2023-09-25 08:21:34', '2023-09-25 08:21:34'),
(124, 'Viper Plus i3060', 26, '2023-09-25 08:21:50', '2023-09-25 08:21:50'),
(125, 'Minion i1650', 26, '2023-09-25 08:22:04', '2023-09-25 08:22:04'),
(126, 'Poseidon 5 i3060 - Tặng tản nhiệt custom', 27, '2023-09-25 08:23:21', '2023-09-25 08:23:21'),
(127, 'Poseidon 7 i3060 - Tặng tản nhiệt custom', 27, '2023-09-25 08:23:35', '2023-09-25 08:23:35'),
(128, 'Poseidon S WHITE - i5 - 3060', 27, '2023-09-25 08:23:52', '2023-09-25 08:23:52'),
(129, 'Poseidon S - i5 - 3060', 27, '2023-09-25 08:24:06', '2023-09-25 08:24:06'),
(130, 'Poseidon 7 i3080', 27, '2023-09-25 08:25:00', '2023-09-25 08:25:00'),
(131, 'Poseidon 9 i3090', 27, '2023-09-25 08:25:16', '2023-09-25 08:25:16'),
(132, 'ASUS', 28, '2023-09-25 08:32:18', '2023-09-25 08:32:18'),
(133, 'AMD', 28, '2023-09-25 08:32:33', '2023-09-25 08:32:33'),
(134, 'Corsair', 28, '2023-09-25 08:32:47', '2023-09-25 08:32:47'),
(135, 'NZXT', 28, '2023-09-25 08:33:03', '2023-09-25 08:33:03'),
(136, 'Titan Plus i4090', 29, '2023-09-25 08:34:16', '2023-09-25 08:34:16'),
(137, 'Titan Plus i4080', 29, '2023-09-25 08:34:35', '2023-09-25 08:34:35'),
(138, 'Titan Plus i4070Ti', 29, '2023-09-25 08:34:49', '2023-09-25 08:34:49'),
(139, 'Titan Plus i4060TI', 29, '2023-09-25 08:35:06', '2023-09-25 08:35:06'),
(140, 'Titan i3060', 29, '2023-09-25 08:35:19', '2023-09-25 08:35:19'),
(141, 'Phantom Plus i4080', 30, '2023-09-25 08:35:57', '2023-09-25 08:35:57'),
(142, 'Phantom Plus i4070Ti', 30, '2023-09-25 08:36:19', '2023-09-25 08:36:19'),
(143, 'Phantom i4070Ti', 30, '2023-09-25 08:37:04', '2023-09-25 08:37:04'),
(144, 'Phantom i4070', 30, '2023-09-25 08:37:22', '2023-09-25 08:37:22'),
(145, 'Phantom i4060Ti', 30, '2023-09-25 08:37:37', '2023-09-25 08:37:37'),
(146, 'Phantom i4060', 30, '2023-09-25 08:37:57', '2023-09-25 08:37:57'),
(147, 'Phantom i3060', 30, '2023-09-25 08:38:25', '2023-09-25 08:38:25'),
(148, 'Phantom i3050', 30, '2023-09-25 08:38:37', '2023-09-25 08:38:37'),
(149, 'Viper Plus i4070', 31, '2023-09-25 08:50:53', '2023-09-25 08:50:53'),
(150, 'Viper Plus i4060', 31, '2023-09-25 08:51:08', '2023-09-25 08:51:08'),
(151, 'Viper Plus i3060 White', 31, '2023-09-25 08:51:25', '2023-09-25 08:51:25'),
(152, 'Viper i4060Ti', 31, '2023-09-25 08:51:43', '2023-09-25 08:51:43'),
(153, 'Viper i4060', 31, '2023-09-25 08:52:00', '2023-09-25 08:52:00'),
(154, 'Viper i3060', 31, '2023-09-25 08:52:16', '2023-09-25 08:52:16'),
(155, 'Viper i3050', 31, '2023-09-25 08:52:35', '2023-09-25 08:52:35'),
(156, 'Viper i1660S', 31, '2023-09-25 08:52:50', '2023-09-25 08:52:50'),
(157, 'Minion i3050', 32, '2023-09-25 08:53:30', '2023-09-25 08:53:30'),
(158, 'Minion i1660S', 32, '2023-09-25 08:53:43', '2023-09-25 08:53:43'),
(159, 'Minion i1650', 32, '2023-09-25 08:53:58', '2023-09-25 08:53:58'),
(160, 'Minion i1650 WHITE', 32, '2023-09-25 08:54:14', '2023-09-25 08:54:14'),
(161, 'Minion i1030', 32, '2023-09-25 08:54:30', '2023-09-25 08:54:30'),
(162, 'Minion i730', 32, '2023-09-25 08:54:52', '2023-09-25 08:54:52'),
(163, 'Titan Plus a4090', 33, '2023-09-25 08:55:47', '2023-09-25 08:55:47'),
(164, 'Titan Plus a4080', 33, '2023-09-25 09:04:27', '2023-09-25 09:04:27'),
(165, 'Titan Plus a4070Ti', 33, '2023-09-25 09:04:44', '2023-09-25 09:04:44'),
(166, 'Titan a3060', 33, '2023-09-25 09:04:58', '2023-09-25 09:04:58'),
(167, 'Phantom Plus a4080', 34, '2023-09-25 09:05:45', '2023-09-25 09:05:45'),
(168, 'Phantom Plus a4070Ti', 34, '2023-09-25 09:06:01', '2023-09-25 09:06:01'),
(169, 'Phantom a3060', 34, '2023-09-25 09:06:16', '2023-09-25 09:06:16'),
(170, 'Viper Plus a3050', 35, '2023-09-25 09:06:55', '2023-09-25 09:06:55'),
(171, 'Viper a4060', 35, '2023-09-25 09:07:27', '2023-09-25 09:07:27'),
(172, 'Viper a3060', 35, '2023-09-25 09:11:01', '2023-09-25 09:11:01'),
(173, 'Viper a1660S', 35, '2023-09-25 09:11:16', '2023-09-25 09:11:16'),
(174, 'Viper a1650', 35, '2023-09-25 09:11:34', '2023-09-25 09:11:34'),
(175, 'G-STUDIO 5 i1660S', 36, '2023-09-25 19:01:54', '2023-09-25 19:01:54'),
(176, 'G-STUDIO 5 Plus a3050', 36, '2023-09-25 19:02:22', '2023-09-25 19:02:22'),
(177, 'G-STUDIO 5 i4060TI', 36, '2023-09-25 19:02:40', '2023-09-25 19:02:40'),
(178, 'G-STUDIO 7 i3060', 36, '2023-09-25 19:02:54', '2023-09-25 19:02:54'),
(179, 'G-STUDIO 7 a3060', 36, '2023-09-25 19:03:15', '2023-09-25 19:03:15'),
(180, 'G-STUDIO 7 Plus i4070Ti', 37, '2023-09-25 19:03:52', '2023-09-25 19:03:52'),
(181, 'G-STUDIO 7 Plus a4070Ti', 37, '2023-09-25 19:04:17', '2023-09-25 19:04:17'),
(182, 'G-STUDIO 9 Plus i4070Ti', 37, '2023-09-25 19:04:29', '2023-09-25 19:04:29'),
(183, 'G-STUDIO 9 Plus a4070Ti', 37, '2023-09-25 19:04:43', '2023-09-25 19:04:43'),
(184, 'G-STUDIO 9 Plus i4090', 37, '2023-09-25 19:04:57', '2023-09-25 19:04:57'),
(185, 'G-STUDIO 9 Plus a4090', 37, '2023-09-25 19:06:03', '2023-09-25 19:06:03'),
(186, 'G-STUDIO 9 Plus a7900XTX', 37, '2023-09-25 19:06:18', '2023-09-25 19:06:18'),
(187, 'Homework R3 4300G', 38, '2023-09-25 19:10:08', '2023-09-25 19:10:08'),
(188, 'Homework R5 5600G', 38, '2023-09-25 19:10:42', '2023-09-25 19:10:42'),
(189, 'Homework Pentium G6405', 38, '2023-09-25 19:11:16', '2023-09-25 19:11:16'),
(190, 'Homework i3 10105', 46, '2023-09-25 19:11:34', '2023-09-25 19:11:34'),
(191, 'Homework i3 12100', 38, '2023-09-25 19:12:09', '2023-09-25 19:12:09'),
(192, 'Homework i5 12400', 38, '2023-09-25 19:12:37', '2023-09-25 19:12:37'),
(193, 'Homework i7 12700', 38, '2023-09-25 19:12:56', '2023-09-25 19:12:56'),
(195, 'Intel® NUC RNUC13ANHi30000', 39, '2023-09-25 19:18:22', '2023-09-25 19:18:22'),
(196, 'Intel® NUC RNUC13ANHi50000', 39, '2023-09-25 19:18:41', '2023-09-25 19:18:41'),
(197, 'Intel® NUC RNUC13ANHi70000', 39, '2023-09-25 19:18:58', '2023-09-25 19:18:58'),
(198, 'Intel® NUC RNUC13RNGI70000', 39, '2023-09-25 19:20:02', '2023-09-25 19:20:02'),
(199, 'Intel® NUC RNUC13RNGI90000', 39, '2023-09-25 19:20:16', '2023-09-25 19:20:16'),
(200, 'ASUS A3202WBAK-BA062W', 40, '2023-09-25 19:21:24', '2023-09-25 19:21:24'),
(201, 'ASUS A3402WBAK-WA070W', 40, '2023-09-25 19:21:45', '2023-09-25 19:21:45'),
(202, 'ASUS A3402WBAK-WA066W', 40, '2023-09-25 19:22:00', '2023-09-25 19:22:00'),
(203, 'ASUS TOUCH A3402WBAT-WA013W', 40, '2023-09-25 19:22:32', '2023-09-25 19:22:32'),
(204, 'RAM LED RGB', 41, '2023-09-25 19:23:12', '2023-09-25 19:23:12'),
(205, 'RAM 8 GB', 41, '2023-09-25 19:24:30', '2023-09-25 19:24:30'),
(206, 'RAM 16 GB', 41, '2023-09-25 19:24:46', '2023-09-25 19:24:46'),
(207, 'RAM Corsair', 41, '2023-09-25 19:25:01', '2023-09-25 19:25:01'),
(208, 'RAM GSkill', 41, '2023-09-25 19:25:18', '2023-09-25 19:25:18'),
(209, 'RAM Kingston', 41, '2023-09-25 19:25:33', '2023-09-25 19:25:33'),
(210, 'RAM PNY', 41, '2023-09-25 19:25:53', '2023-09-25 19:25:53'),
(211, 'RAM LED RGB', 42, '2023-09-25 19:27:08', '2023-09-25 19:27:08'),
(212, 'RAM 16 GB', 42, '2023-09-25 19:27:25', '2023-09-25 19:27:25'),
(213, 'RAM 32 GB', 42, '2023-09-25 19:27:47', '2023-09-25 19:27:47'),
(214, 'RAM 64 GB', 42, '2023-09-25 19:28:14', '2023-09-25 19:28:14'),
(215, 'RAM Corsair', 42, '2023-09-25 19:28:43', '2023-09-25 19:28:43'),
(216, 'RAM GSkill', 42, '2023-09-25 19:28:58', '2023-09-25 19:28:58'),
(217, 'SSD NVMe Gen 3', 43, '2023-09-25 19:46:14', '2023-09-25 19:46:14'),
(218, 'SSD NVMe Gen 4', 43, '2023-09-25 19:46:27', '2023-09-25 19:46:27'),
(219, 'SSD NVMe Gen 4', 43, '2023-09-25 19:47:03', '2023-09-25 19:47:03'),
(220, 'SSD sata 3', 43, '2023-09-25 19:47:17', '2023-09-25 19:47:17'),
(221, 'SSD Western Digital', 43, '2023-09-25 19:47:34', '2023-09-25 19:47:34'),
(222, 'SSD Samsung', 43, '2023-09-25 19:47:47', '2023-09-25 19:47:47'),
(223, 'SSD Kingston', 43, '2023-09-25 19:48:55', '2023-09-25 19:48:55'),
(224, 'HDD 1 TB', 44, '2023-09-25 20:03:30', '2023-09-25 20:03:30'),
(225, 'HDD 2 TB', 44, '2023-09-25 20:03:48', '2023-09-25 20:03:48'),
(226, 'HDD 4 TB - 6 TB', 44, '2023-09-25 20:04:04', '2023-09-25 20:04:04'),
(227, 'HDD trên 8 TB', 44, '2023-09-25 20:04:16', '2023-09-25 20:04:16'),
(228, 'HDD Laptop', 44, '2023-09-25 20:04:34', '2023-09-25 20:04:34'),
(229, 'Sandisk', 45, '2023-09-25 20:04:57', '2023-09-25 20:04:57'),
(230, 'RTX Ada 4090', 46, '2023-09-25 20:20:15', '2023-09-25 20:20:15'),
(231, 'RTX Ada 4080', 46, '2023-09-25 20:20:36', '2023-09-25 20:20:36'),
(232, 'RTX Ada 4070 Ti', 46, '2023-09-25 20:21:57', '2023-09-25 20:21:57'),
(233, 'RTX Ada 4070', 46, '2023-09-25 20:22:20', '2023-09-25 20:22:20'),
(234, 'RTX Ada 4060 Ti (Mới)', 46, '2023-09-25 20:22:40', '2023-09-25 20:22:40'),
(235, 'RTX Ada 4060 (Mới)', 46, '2023-09-25 20:22:56', '2023-09-25 20:22:56'),
(236, 'NVIDIA Quadro', 46, '2023-09-25 20:23:10', '2023-09-25 20:23:10'),
(237, 'RTX Ampere 3060', 46, '2023-09-25 20:24:32', '2023-09-25 20:24:32'),
(238, 'RTX Ampere 3050', 46, '2023-09-25 20:24:49', '2023-09-25 20:24:49'),
(239, 'GTX 1660 - RTX 2060', 46, '2023-09-25 20:25:04', '2023-09-25 20:25:04'),
(240, 'GTX 1650 - 1650 Super 4G', 46, '2023-09-25 20:25:16', '2023-09-25 20:25:16'),
(241, 'GT 710/1030 - GTX 1050 Ti', 46, '2023-09-25 20:25:40', '2023-09-25 20:25:40'),
(242, 'AMD Radeon RX', 46, '2023-09-25 20:26:06', '2023-09-25 20:26:06'),
(243, 'Intel Core i9', 47, '2023-09-25 20:27:27', '2023-09-25 20:27:27'),
(244, 'Intel Core i7', 50, '2023-09-25 20:28:12', '2023-09-25 20:28:12'),
(245, 'Intel Core i5', 47, '2023-09-25 20:28:36', '2023-09-25 20:28:36'),
(246, 'Intel Core i3', 47, '2023-09-25 20:28:57', '2023-09-25 20:28:57'),
(247, 'Intel Celeron - Pentium', 47, '2023-09-25 20:29:16', '2023-09-25 20:29:16'),
(248, 'Intel Xeon', 47, '2023-09-25 20:29:31', '2023-09-25 20:29:31'),
(249, 'AMD Ryzen 9', 48, '2023-09-25 20:30:28', '2023-09-25 20:30:28'),
(250, 'AMD Ryzen 7', 48, '2023-09-25 20:30:43', '2023-09-25 20:30:43'),
(251, 'AMD Ryzen 5', 48, '2023-09-25 20:31:00', '2023-09-25 20:31:00'),
(252, 'AMD Ryzen 3', 48, '2023-09-25 20:31:51', '2023-09-25 20:31:51'),
(253, 'AMD Threadrippe', 48, '2023-09-25 20:33:24', '2023-09-25 20:33:24'),
(254, 'Tản nhiệt khí', 49, '2023-09-25 20:34:36', '2023-09-25 20:34:36'),
(255, 'Tản nhiệt AIO 240mm', 49, '2023-09-25 20:34:50', '2023-09-25 20:34:50'),
(256, 'Tản nhiệt AIO 280mm', 49, '2023-09-25 20:35:09', '2023-09-25 20:35:09'),
(257, 'Tản nhiệt AIO 360mm', 49, '2023-09-25 20:35:40', '2023-09-25 20:35:40'),
(258, 'Tản nhiệt AIO 420mm', 49, '2023-09-25 20:36:13', '2023-09-25 20:36:13'),
(259, 'Fan RGB', 49, '2023-09-25 20:36:28', '2023-09-25 20:36:28'),
(260, 'Phụ kiện máy tính', 49, '2023-09-25 20:36:45', '2023-09-25 20:36:45'),
(261, 'Intel Z790 (Mới)', 50, '2023-09-25 20:38:22', '2023-09-25 20:38:22'),
(262, 'Intel Z690', 50, '2023-09-25 20:38:39', '2023-09-25 20:38:39'),
(263, 'Intel B760 (Mới)', 50, '2023-09-25 20:39:56', '2023-09-25 20:39:56'),
(264, 'Intel B660', 50, '2023-09-25 20:41:47', '2023-09-25 20:41:47'),
(265, 'Intel H610', 50, '2023-09-25 20:42:01', '2023-09-25 20:42:01'),
(266, 'Intel H510', 50, '2023-09-25 20:42:44', '2023-09-25 20:42:44'),
(267, 'Intel X299X', 50, '2023-09-25 20:43:09', '2023-09-25 20:43:09'),
(268, 'AMD X670 (Mới)', 51, '2023-09-25 22:04:05', '2023-09-25 22:04:05'),
(269, 'AMD X570', 51, '2023-09-25 22:11:31', '2023-09-25 22:11:31'),
(270, 'AMD B650 (Mới)', 51, '2023-09-25 22:17:21', '2023-09-25 22:17:21'),
(271, 'AMD B550', 51, '2023-09-25 22:17:43', '2023-09-25 22:17:43'),
(272, 'AMD A320', 51, '2023-09-25 22:19:06', '2023-09-25 22:19:06'),
(273, 'AMD TRX40', 51, '2023-09-25 22:19:38', '2023-09-25 22:19:38'),
(275, 'Case Dưới 1 Triệu', 52, '2023-09-25 22:56:20', '2023-09-25 22:56:20'),
(277, 'Case Từ 1 đến 2 triệu', 52, '2023-09-25 23:29:21', '2023-09-25 23:29:21'),
(278, 'Case trên 2 triệu', 52, '2023-09-25 23:30:29', '2023-09-25 23:30:29'),
(279, 'Case InWin', 52, '2023-09-25 23:30:45', '2023-09-25 23:30:45'),
(280, 'Case Lian Li', 52, '2023-09-25 23:31:01', '2023-09-25 23:31:01'),
(281, 'Case NZXT', 52, '2023-09-25 23:31:15', '2023-09-25 23:31:15'),
(282, 'Case Corsair', 52, '2023-09-25 23:31:44', '2023-09-25 23:31:44'),
(283, 'Case Thermaltake', 52, '2023-09-25 23:31:55', '2023-09-25 23:31:55'),
(284, 'Bo mạch chủ ITX', 53, '2023-09-25 23:33:44', '2023-09-25 23:33:44'),
(285, 'Case ITX', 53, '2023-09-25 23:34:07', '2023-09-25 23:34:07'),
(286, 'Nguồn SFX', 53, '2023-09-25 23:34:33', '2023-09-25 23:34:33'),
(287, 'Tản nhiệt AIO 120mm', 53, '2023-09-25 23:34:46', '2023-09-25 23:34:46'),
(288, 'Nguồn Trên 1000W', 54, '2023-09-25 23:35:46', '2023-09-25 23:35:46'),
(289, 'Nguồn 700W-850W', 54, '2023-09-25 23:36:00', '2023-09-25 23:36:00'),
(290, 'Nguồn 550W-650W', 54, '2023-09-25 23:36:41', '2023-09-25 23:36:41'),
(291, 'Nguồn 300W-500W', 54, '2023-09-25 23:37:13', '2023-09-25 23:37:13'),
(292, 'Nguồn Corsair', 54, '2023-09-25 23:37:41', '2023-09-25 23:37:41'),
(293, 'Nguồn NZXT', 54, '2023-09-25 23:37:55', '2023-09-25 23:37:55'),
(294, 'Nguồn Cooler Master', 54, '2023-09-25 23:38:06', '2023-09-25 23:38:06'),
(295, 'Macbook Air', 55, '2023-09-25 23:39:33', '2023-09-25 23:39:33'),
(296, 'Macbook Pro', 55, '2023-09-25 23:39:52', '2023-09-25 23:39:52'),
(297, 'MacBook Air M1', 56, '2023-09-25 23:40:27', '2023-09-25 23:40:27'),
(298, 'MacBook Air M2', 56, '2023-09-25 23:40:46', '2023-09-25 23:40:46'),
(299, 'Macbook Pro 13', 57, '2023-09-25 23:41:32', '2023-09-25 23:41:32'),
(300, 'Macbook Pro 14', 57, '2023-09-25 23:41:46', '2023-09-25 23:41:46'),
(301, 'MacBook Pro 16', 57, '2023-09-25 23:42:04', '2023-09-25 23:42:04'),
(302, 'MBP 14 M2 Pro', 59, '2023-09-25 23:42:41', '2023-09-25 23:42:41'),
(303, 'MBP 14 M2 Max', 59, '2023-09-25 23:43:00', '2023-09-25 23:43:00'),
(304, 'MBP 16 M2 Pro', 60, '2023-09-25 23:43:33', '2023-09-25 23:43:33'),
(305, 'MBP 16 M2 Max', 60, '2023-09-25 23:43:59', '2023-09-25 23:43:59'),
(306, 'iMac M1 24\"', 61, '2023-09-25 23:44:42', '2023-09-25 23:44:42'),
(307, 'iMac M1 24\"', 61, '2023-09-25 23:44:42', '2023-09-25 23:44:42'),
(308, 'Mac Mini M1', 62, '2023-09-25 23:45:10', '2023-09-25 23:45:10'),
(310, 'Mac Mini M2', 62, '2023-09-25 23:46:03', '2023-09-25 23:46:03'),
(311, 'Bàn phím, Chuột', 63, '2023-09-25 23:46:25', '2023-09-25 23:46:25'),
(312, 'Thiết bị âm thanh', 63, '2023-09-25 23:46:53', '2023-09-25 23:46:53'),
(313, 'LG', 67, '2023-09-25 23:49:02', '2023-09-25 23:49:02'),
(314, 'Asus', 67, '2023-09-25 23:49:20', '2023-09-25 23:49:20'),
(315, 'ViewSonic', 67, '2023-09-25 23:49:34', '2023-09-25 23:49:34'),
(316, 'Dell', 67, '2023-09-25 23:49:52', '2023-09-25 23:49:52'),
(317, 'Dell', 67, '2023-09-25 23:50:40', '2023-09-25 23:50:40'),
(318, 'Gigabyte', 67, '2023-09-25 23:50:58', '2023-09-25 23:50:58'),
(319, 'AOC', 67, '2023-09-25 23:51:23', '2023-09-25 23:51:23'),
(320, 'Acer', 67, '2023-09-25 23:52:04', '2023-09-25 23:52:04'),
(321, 'HKC', 67, '2023-09-25 23:52:22', '2023-09-25 23:52:22'),
(322, 'Dưới 5 triệu', 68, '2023-09-25 23:54:14', '2023-09-25 23:54:14'),
(323, 'Từ 5 triệu đến 10 triệu', 69, '2023-09-25 23:54:38', '2023-09-25 23:54:38'),
(324, 'Từ 10 triệu đến 20 triệu', 68, '2023-09-25 23:54:55', '2023-09-25 23:54:55'),
(325, 'Từ 20 triệu đến 30 triệu', 68, '2023-09-25 23:55:12', '2023-09-25 23:55:12'),
(326, 'Trên 30 triệu', 68, '2023-09-25 23:55:34', '2023-09-25 23:55:34'),
(327, 'Full HD 1080p', 69, '2023-09-25 23:55:53', '2023-09-25 23:55:53'),
(328, '2K 1440p', 69, '2023-09-25 23:56:18', '2023-09-25 23:56:18'),
(330, 'Màn hình máy tính 4K UHD', 69, '2023-09-25 23:57:25', '2023-09-25 23:57:25'),
(331, '60Hz', 70, '2023-09-25 23:57:55', '2023-09-25 23:57:55'),
(332, '75Hz', 70, '2023-09-25 23:58:15', '2023-09-25 23:58:15'),
(333, '100Hz', 70, '2023-09-25 23:58:30', '2023-09-25 23:58:30'),
(334, '144Hz', 70, '2023-09-25 23:58:56', '2023-09-25 23:58:56'),
(335, '240Hz', 70, '2023-09-25 23:59:25', '2023-09-25 23:59:25'),
(336, '24\" Curved', 71, '2023-09-25 23:59:54', '2023-09-25 23:59:54'),
(337, '27\" Curved', 71, '2023-09-26 00:01:00', '2023-09-26 00:01:00'),
(338, '32\" Curved', 71, '2023-09-26 00:01:37', '2023-09-26 00:01:37'),
(339, 'Trên 32\" Curved', 71, '2023-09-26 00:02:07', '2023-09-26 00:02:07'),
(340, 'Màn hình 22\"', 72, '2023-09-26 00:02:29', '2023-09-26 00:02:29'),
(341, 'Màn hình 24\"', 72, '2023-09-26 00:02:50', '2023-09-26 00:02:50'),
(342, 'Màn hình 27\"', 72, '2023-09-26 00:03:27', '2023-09-26 00:03:27'),
(343, 'Màn hình 29\"', 72, '2023-09-26 00:03:45', '2023-09-26 00:03:45'),
(344, 'Màn hình 32\"', 72, '2023-09-26 00:04:09', '2023-09-26 00:04:09'),
(345, 'Màn hình Trên 32\"', 72, '2023-09-26 00:04:39', '2023-09-26 00:04:39'),
(346, 'Hỗ trợ giá treo (VESA)', 72, '2023-09-26 00:05:41', '2023-09-26 00:05:41'),
(347, 'Màn hình đồ họa 24\"', 73, '2023-09-26 00:06:00', '2023-09-26 00:06:00'),
(348, 'Màn hình đồ họa 27\"', 73, '2023-09-26 00:06:24', '2023-09-26 00:06:24'),
(349, 'Màn hình đồ họa 32\"', 73, '2023-09-26 00:09:53', '2023-09-26 00:09:53'),
(350, 'Giá treo màn hình', 74, '2023-09-26 00:17:11', '2023-09-26 00:17:11'),
(351, 'Phụ kiện dây HDMI,DP,LAN', 74, '2023-09-26 00:19:04', '2023-09-26 00:19:04'),
(352, 'Full HD 1080p', 75, '2023-09-26 00:19:31', '2023-09-26 00:19:31'),
(353, '2K 1440p', 75, '2023-09-26 00:19:57', '2023-09-26 00:19:57'),
(354, 'Có cảm ứng', 75, '2023-09-26 00:20:27', '2023-09-26 00:20:27'),
(355, 'Máy chiếu Asus', 76, '2023-09-26 00:20:47', '2023-09-26 00:20:47'),
(356, 'Máy chiếu Beecube', 76, '2023-09-26 00:21:04', '2023-09-26 00:21:04'),
(357, 'Máy chiếu Wanbu', 76, '2023-09-26 00:21:28', '2023-09-26 00:21:28'),
(358, 'Máy chiếu ViewSonic', 76, '2023-09-26 00:22:34', '2023-09-26 00:22:34'),
(359, 'Logitech', 77, '2023-09-26 00:25:04', '2023-09-26 00:25:04'),
(360, 'Asus', 77, '2023-09-26 00:25:39', '2023-09-26 00:25:39'),
(361, 'Razer', 77, '2023-09-26 00:26:04', '2023-09-26 00:26:04'),
(362, 'Corsair', 77, '2023-09-26 00:26:23', '2023-09-26 00:26:23'),
(363, 'Rapoo', 77, '2023-09-26 00:26:48', '2023-09-26 00:26:48'),
(364, 'Fuhlen', 77, '2023-09-26 00:27:05', '2023-09-26 00:27:05'),
(365, 'HyperX', 77, '2023-09-26 00:27:32', '2023-09-26 00:27:32'),
(366, 'Dưới 1 triệu', 78, '2023-09-26 00:27:53', '2023-09-26 00:27:53'),
(367, '1 triệu - 2 triệu', 78, '2023-09-26 00:28:19', '2023-09-26 00:28:19'),
(368, '2 triệu - 3 triệu', 78, '2023-09-26 00:28:38', '2023-09-26 00:28:38'),
(369, '3 triệu - 4 triệu', 78, '2023-09-26 00:29:31', '2023-09-26 00:29:31'),
(370, 'Trên 4 triệu', 78, '2023-09-26 00:29:47', '2023-09-26 00:29:47'),
(371, 'ACR Series', 79, '2023-09-26 00:30:21', '2023-09-26 00:30:21'),
(372, 'PC75B Series', 79, '2023-09-26 00:30:44', '2023-09-26 00:30:44'),
(373, '3068 Series', 79, '2023-09-26 00:31:04', '2023-09-26 00:31:04'),
(374, '3084 Series', 79, '2023-09-26 00:31:18', '2023-09-26 00:31:18'),
(375, '5087 Series', 79, '2023-09-26 00:31:47', '2023-09-26 00:31:47'),
(376, '660M Series', 80, '2023-09-26 00:32:05', '2023-09-26 00:32:05'),
(377, '750R Series', 80, '2023-09-26 00:32:26', '2023-09-26 00:32:26'),
(378, '900R Series', 80, '2023-09-26 00:32:42', '2023-09-26 00:32:42'),
(379, '980M Series', 80, '2023-09-26 00:33:28', '2023-09-26 00:33:28'),
(380, 'Bluetooth Series', 80, '2023-09-26 00:33:43', '2023-09-26 00:33:43'),
(381, 'W200 Series', 81, '2023-09-26 00:33:58', '2023-09-26 00:33:58'),
(382, 'Blackwidow Series', 82, '2023-09-26 00:34:28', '2023-09-26 00:34:28'),
(383, 'Huntsman Series', 82, '2023-09-26 00:34:56', '2023-09-26 00:34:56'),
(384, 'K63 Series', 83, '2023-09-26 00:35:21', '2023-09-26 00:35:21'),
(385, 'K68 Series', 83, '2023-09-26 00:35:46', '2023-09-26 00:35:46'),
(386, 'K70 Series', 83, '2023-09-26 00:36:11', '2023-09-26 00:36:11'),
(387, 'K95 Series', 83, '2023-09-26 00:36:33', '2023-09-26 00:36:33'),
(388, 'K100 Series', 83, '2023-09-26 00:36:57', '2023-09-26 00:36:57'),
(389, 'Bluetooth', 84, '2023-09-26 00:38:44', '2023-09-26 00:38:44'),
(390, 'Wireless', 84, '2023-09-26 00:39:17', '2023-09-26 00:39:17'),
(391, 'Keycaps', 85, '2023-09-26 00:39:35', '2023-09-26 00:39:35'),
(392, 'Kê tay', 85, '2023-09-26 00:39:53', '2023-09-26 00:39:53'),
(394, 'Logitech', 86, '2023-09-26 00:44:33', '2023-09-26 00:44:33'),
(395, 'Razer', 86, '2023-09-26 00:44:57', '2023-09-26 00:44:57'),
(396, 'Asus', 86, '2023-09-26 00:45:32', '2023-09-26 00:45:32'),
(397, 'Corsair', 86, '2023-09-26 00:45:53', '2023-09-26 00:45:53'),
(398, 'Microsoft (Mới)', 86, '2023-09-26 00:46:26', '2023-09-26 00:46:26'),
(399, 'Dưới 500 nghìn', 87, '2023-09-26 00:46:50', '2023-09-26 00:46:50'),
(400, 'Từ 500 nghìn - 1 triệu', 87, '2023-09-26 00:47:17', '2023-09-26 00:47:17'),
(401, 'Từ 1 triệu - 2 triệu', 87, '2023-09-26 00:47:34', '2023-09-26 00:47:34'),
(402, 'Trên 2 triệu - 3 triệu', 87, '2023-09-26 00:47:51', '2023-09-26 00:47:51'),
(404, 'Trên 3 triệu', 87, '2023-09-26 00:52:27', '2023-09-26 00:52:27'),
(405, 'Logitech G Pro Series', 88, '2023-09-26 00:53:00', '2023-09-26 00:53:00'),
(406, 'Logitech G102 Series', 88, '2023-09-26 00:53:29', '2023-09-26 00:53:29'),
(407, 'Logitech G Series', 88, '2023-09-26 00:53:55', '2023-09-26 00:53:55'),
(408, 'Bluetooth', 89, '2023-09-26 00:54:18', '2023-09-26 00:54:18'),
(409, 'Wireless', 89, '2023-09-26 00:54:38', '2023-09-26 00:54:38'),
(410, 'Razer', 90, '2023-09-26 00:54:57', '2023-09-26 00:54:57'),
(411, 'Steelseries', 90, '2023-09-26 00:55:19', '2023-09-26 00:55:19'),
(412, 'Corsair', 90, '2023-09-26 00:55:40', '2023-09-26 00:55:40'),
(413, 'Akko', 90, '2023-09-26 00:56:01', '2023-09-26 00:56:01'),
(414, 'Logitech', 90, '2023-09-26 00:56:38', '2023-09-26 00:56:38'),
(415, 'Nhỏ', 92, '2023-09-26 00:56:51', '2023-09-26 00:56:51'),
(416, 'Vừa', 92, '2023-09-26 00:57:07', '2023-09-26 00:57:07'),
(417, 'Lớn', 92, '2023-09-26 00:58:40', '2023-09-26 00:58:40'),
(418, 'Logitech', 93, '2023-09-26 00:59:45', '2023-09-26 00:59:45'),
(419, 'Asus', 93, '2023-09-26 01:00:11', '2023-09-26 01:00:11'),
(420, 'Razer', 93, '2023-09-26 01:00:39', '2023-09-26 01:00:39'),
(421, 'Steelseries', 93, '2023-09-26 01:02:08', '2023-09-26 01:02:08'),
(422, 'Havit/ MPOW', 93, '2023-09-26 01:02:56', '2023-09-26 01:02:56'),
(423, 'Tai nghe dưới 1 triệu', 94, '2023-09-26 01:03:49', '2023-09-26 01:03:49'),
(424, 'Tai nghe 1 triệu đến 2 triệu', 94, '2023-09-26 01:05:28', '2023-09-26 01:05:28'),
(425, 'Tai nghe 2 đến 3 triệu', 94, '2023-09-26 01:05:50', '2023-09-26 01:05:50'),
(426, 'Tai nghe 3 đến 4 triệu', 94, '2023-09-26 01:06:15', '2023-09-26 01:06:15'),
(427, 'Tai nghe trên 4 triệu', 94, '2023-09-26 01:06:43', '2023-09-26 01:06:43'),
(428, 'Tai nghe Wireless', 95, '2023-09-26 01:07:24', '2023-09-26 01:07:24'),
(429, 'Tai nghe Bluetooth', 96, '2023-09-26 01:07:44', '2023-09-26 01:07:44'),
(430, 'Tai nghe Over-ear', 96, '2023-09-26 01:08:09', '2023-09-26 01:08:09'),
(431, 'Tai nghe Gaming In-ear', 96, '2023-09-26 01:09:52', '2023-09-26 01:09:52'),
(432, 'SoundMax', 97, '2023-09-26 01:11:01', '2023-09-26 01:11:01'),
(433, 'Microlab', 97, '2023-09-26 01:11:17', '2023-09-26 01:11:17'),
(434, 'Thonet & Vander', 97, '2023-09-26 01:11:37', '2023-09-26 01:11:37'),
(435, 'Logitech', 97, '2023-09-26 01:12:10', '2023-09-26 01:12:10'),
(436, 'Razer', 97, '2023-09-26 01:12:33', '2023-09-26 01:12:33'),
(437, 'Loa dưới 1 triệu', 98, '2023-09-26 01:13:00', '2023-09-26 01:13:00'),
(438, 'Loa trên 1 triệu', 98, '2023-09-26 01:13:27', '2023-09-26 01:13:27'),
(439, 'Loa trên 2 triệu', 98, '2023-09-26 01:14:20', '2023-09-26 01:14:20'),
(440, 'Loa để bàn', 99, '2023-09-26 01:15:29', '2023-09-26 01:15:29'),
(441, 'Loa di động', 99, '2023-09-26 01:15:59', '2023-09-26 01:15:59'),
(442, 'Loa Gaming', 99, '2023-09-26 01:17:55', '2023-09-26 01:17:55'),
(443, 'Loa Audio', 99, '2023-09-26 01:18:27', '2023-09-26 01:18:27'),
(444, 'Razer', 101, '2023-09-26 01:19:20', '2023-09-26 01:19:20'),
(445, 'Corsair', 101, '2023-09-26 01:19:45', '2023-09-26 01:19:45'),
(446, 'Corsair', 102, '2023-09-26 01:24:10', '2023-09-26 01:24:10'),
(447, 'Warrior', 102, '2023-09-26 01:24:32', '2023-09-26 01:24:32'),
(448, 'Razer', 102, '2023-09-26 01:24:57', '2023-09-26 01:24:57'),
(449, 'Raider Series', 102, '2023-09-26 01:25:21', '2023-09-26 01:25:21'),
(450, 'E-DRA', 102, '2023-09-26 01:25:40', '2023-09-26 01:25:40'),
(451, 'Sihoo', 103, '2023-09-26 01:26:09', '2023-09-26 01:26:09'),
(452, 'E-DRA', 103, '2023-09-26 01:26:40', '2023-09-26 01:26:40'),
(453, 'Ghế Công thái học', 104, '2023-09-26 01:27:06', '2023-09-26 01:27:06'),
(454, 'Ghế Gaming', 104, '2023-09-26 01:27:23', '2023-09-26 01:27:23'),
(455, 'T3 RUSH Series', 105, '2023-09-26 01:27:51', '2023-09-26 01:27:51'),
(456, 'TC60 Series', 105, '2023-09-26 01:28:20', '2023-09-26 01:28:20'),
(457, 'TC100 Series', 105, '2023-09-26 01:28:38', '2023-09-26 01:28:38'),
(458, 'TC200 Series', 105, '2023-09-26 01:30:35', '2023-09-26 01:30:35'),
(459, 'M18 Series', 106, '2023-09-26 01:32:23', '2023-09-26 01:32:23'),
(460, 'M57 Series', 106, '2023-09-26 01:32:39', '2023-09-26 01:32:39'),
(461, 'King Series', 107, '2023-09-26 01:33:52', '2023-09-26 01:33:52'),
(462, 'G Series', 107, '2023-09-26 01:35:11', '2023-09-26 01:35:11'),
(463, 'Bàn Gaming DXRacer', 108, '2023-09-26 01:35:48', '2023-09-26 01:35:48'),
(464, 'Bàn Gaming E-Dra', 108, '2023-09-26 01:36:33', '2023-09-26 01:36:33'),
(465, 'Bàn Gaming Warrior', 108, '2023-09-26 01:37:41', '2023-09-26 01:37:41'),
(466, 'Bàn Gaming Cooler Master', 108, '2023-09-26 01:38:03', '2023-09-26 01:38:03'),
(467, 'Bàn CTH E-Dra', 109, '2023-09-26 01:38:23', '2023-09-26 01:38:23'),
(468, 'Bàn CTH Warrior', 109, '2023-09-26 01:39:00', '2023-09-26 01:39:00'),
(469, 'Dưới 80 KG', 110, '2023-09-26 01:39:19', '2023-09-26 01:39:19'),
(470, 'Trên 80 KG', 110, '2023-09-26 01:41:17', '2023-09-26 01:41:17'),
(471, 'Da PU', 111, '2023-09-26 01:41:52', '2023-09-26 01:41:52'),
(472, 'Da PVC', 111, '2023-09-26 01:44:48', '2023-09-26 01:44:48'),
(473, 'Da Thật', 111, '2023-09-26 01:45:18', '2023-09-26 01:45:18'),
(474, 'Da NAPPA', 111, '2023-09-26 01:45:46', '2023-09-26 01:45:46'),
(475, 'Dưới 5 triệu', 112, '2023-09-26 01:46:08', '2023-09-26 01:46:08'),
(476, 'Từ 5 đến 10 triệu', 112, '2023-09-26 01:47:28', '2023-09-26 01:47:28'),
(477, 'Trên 10 triệu', 112, '2023-09-26 01:47:48', '2023-09-26 01:47:48'),
(478, 'Asus', 115, '2023-09-26 01:49:25', '2023-09-26 01:49:25'),
(479, 'LinkSys', 115, '2023-09-26 01:49:43', '2023-09-26 01:49:43'),
(480, 'TP-LINK', 115, '2023-09-26 01:50:05', '2023-09-26 01:50:05'),
(481, 'Intel', 115, '2023-09-26 01:50:40', '2023-09-26 01:50:40'),
(482, 'Mercusys', 115, '2023-09-26 01:50:58', '2023-09-26 01:50:58'),
(483, 'Gaming', 116, '2023-09-26 01:51:21', '2023-09-26 01:51:21'),
(484, 'Phổ thông', 116, '2023-09-26 01:51:41', '2023-09-26 01:51:41'),
(485, 'Xuyên tường', 116, '2023-09-26 01:52:01', '2023-09-26 01:52:01'),
(486, 'Router WiFi 5', 116, '2023-09-26 01:52:34', '2023-09-26 01:52:34'),
(487, 'Router Mesh Pack', 116, '2023-09-26 01:52:50', '2023-09-26 01:52:50'),
(488, 'USB WiFi', 117, '2023-09-26 01:53:18', '2023-09-26 01:53:18'),
(489, 'Card WiFi', 117, '2023-09-26 01:53:37', '2023-09-26 01:53:37'),
(490, 'Card Ethernet', 117, '2023-09-26 01:54:02', '2023-09-26 01:54:02'),
(491, 'Dây cáp mạng', 117, '2023-09-26 01:54:25', '2023-09-26 01:54:25'),
(492, 'Microsoft Office 365', 118, '2023-09-26 01:54:44', '2023-09-26 01:54:44'),
(493, 'Office 2021', 118, '2023-09-26 01:55:58', '2023-09-26 01:55:58'),
(494, 'Windows 11 Home', 119, '2023-09-26 01:56:16', '2023-09-26 01:56:16'),
(495, 'Windows 11 Pro', 119, '2023-09-26 01:56:44', '2023-09-26 01:56:44'),
(496, 'AverMedia', 120, '2023-09-26 01:57:54', '2023-09-26 01:57:54'),
(497, 'Razer', 120, '2023-09-26 01:58:20', '2023-09-26 01:58:20'),
(498, 'Elgato', 120, '2023-09-26 01:58:58', '2023-09-26 01:58:58'),
(499, 'ROG Phone', 121, '2023-09-26 01:59:16', '2023-09-26 01:59:16'),
(500, 'Máy chơi game cầm tay Asus', 121, '2023-09-26 01:59:31', '2023-09-26 01:59:31'),
(501, 'Razer', 122, '2023-09-26 02:00:38', '2023-09-26 02:00:38'),
(502, 'HyperX', 122, '2023-09-26 02:01:02', '2023-09-26 02:01:02'),
(503, 'Thronmax', 122, '2023-09-26 02:01:22', '2023-09-26 02:01:22'),
(504, '720p', 123, '2023-09-26 02:01:49', '2023-09-26 02:01:49'),
(505, '1080p', 123, '2023-09-26 02:02:05', '2023-09-26 02:02:05'),
(506, '4K', 123, '2023-09-26 02:02:20', '2023-09-26 02:02:20'),
(507, 'Conference', 123, '2023-09-26 02:02:57', '2023-09-26 02:02:57'),
(508, 'Nanoleaf', 124, '2023-09-26 02:03:15', '2023-09-26 02:03:15'),
(509, 'Govee', 124, '2023-09-26 02:03:36', '2023-09-26 02:03:36'),
(510, 'Razer', 125, '2023-09-26 02:03:54', '2023-09-26 02:03:54'),
(511, 'Asus', 125, '2023-09-26 02:04:14', '2023-09-26 02:04:14'),
(512, 'GEARVN', 125, '2023-09-26 02:04:33', '2023-09-26 02:04:33'),
(513, 'Túi chống sốc', 125, '2023-09-26 02:04:49', '2023-09-26 02:04:49'),
(514, 'Cooler Master', 126, '2023-09-26 02:05:10', '2023-09-26 02:05:10'),
(515, 'Rain Design', 126, '2023-09-26 02:05:27', '2023-09-26 02:05:27'),
(516, 'Hyperdrive', 126, '2023-09-26 02:05:43', '2023-09-26 02:05:43'),
(517, 'Tay cầm X-Box', 127, '2023-09-26 02:06:14', '2023-09-26 02:06:14'),
(518, 'Tay cầm MSI', 127, '2023-09-26 02:06:35', '2023-09-26 02:06:35'),
(519, 'Tay cầm PS4', 127, '2023-09-26 02:07:08', '2023-09-26 02:07:08'),
(520, 'Vô lăng', 127, '2023-09-26 02:07:28', '2023-09-26 02:07:28'),
(521, 'Hyperdrive', 128, '2023-09-26 02:08:02', '2023-09-26 02:08:02'),
(522, 'Rain Design', 128, '2023-09-26 02:08:34', '2023-09-26 02:08:34'),
(523, 'Mazer', 128, '2023-09-26 02:09:16', '2023-09-26 02:09:16'),
(524, 'Ugreen', 128, '2023-09-26 02:09:48', '2023-09-26 02:09:48'),
(525, 'Cáp HDMI', 129, '2023-09-26 02:10:53', '2023-09-26 02:10:53'),
(526, 'Cáp DP', 129, '2023-09-26 02:11:11', '2023-09-26 02:11:11'),
(527, 'Ares', 130, '2023-09-26 02:11:28', '2023-09-26 02:11:28'),
(528, 'SanDisk', 131, '2023-09-26 02:11:49', '2023-09-26 02:11:49'),
(529, 'Camera trong nhà', 132, '2023-09-26 02:12:17', '2023-09-26 02:12:17'),
(530, 'Camera ngoài trời', 132, '2023-09-26 02:13:19', '2023-09-26 02:13:19');

-- --------------------------------------------------------

--
-- Cấu trúc bảng cho bảng `failed_jobs`
--

CREATE TABLE `failed_jobs` (
  `id` bigint(20) UNSIGNED NOT NULL,
  `uuid` varchar(255) NOT NULL,
  `connection` text NOT NULL,
  `queue` text NOT NULL,
  `payload` longtext NOT NULL,
  `exception` longtext NOT NULL,
  `failed_at` timestamp NOT NULL DEFAULT current_timestamp()
) ENGINE=InnoDB DEFAULT CHARSET=utf8mb4 COLLATE=utf8mb4_unicode_ci;

-- --------------------------------------------------------

--
-- Cấu trúc bảng cho bảng `images`
--

CREATE TABLE `images` (
  `id` bigint(20) UNSIGNED NOT NULL,
  `img_url` varchar(255) NOT NULL,
  `img_title` varchar(255) DEFAULT NULL,
  `img_alt` varchar(255) DEFAULT NULL,
  `product_id` bigint(20) UNSIGNED NOT NULL,
  `created_at` timestamp NULL DEFAULT NULL,
  `updated_at` timestamp NULL DEFAULT NULL
) ENGINE=InnoDB DEFAULT CHARSET=utf8mb4 COLLATE=utf8mb4_unicode_ci;

-- --------------------------------------------------------

--
-- Cấu trúc bảng cho bảng `main_categories`
--

CREATE TABLE `main_categories` (
  `id` bigint(20) UNSIGNED NOT NULL,
  `name` varchar(255) NOT NULL,
  `created_at` timestamp NULL DEFAULT NULL,
  `updated_at` timestamp NULL DEFAULT NULL
) ENGINE=InnoDB DEFAULT CHARSET=utf8mb4 COLLATE=utf8mb4_unicode_ci;

--
-- Đang đổ dữ liệu cho bảng `main_categories`
--

INSERT INTO `main_categories` (`id`, `name`, `created_at`, `updated_at`) VALUES
(1, 'Laptop', '2023-09-25 01:18:06', '2023-09-25 01:18:06'),
(2, 'Laptop Gaming', '2023-09-25 01:18:12', '2023-09-25 01:18:12'),
(3, 'PC KM Đặc Biệt', '2023-09-25 01:18:24', '2023-09-25 01:18:24'),
(4, 'PC Gaming', '2023-09-25 01:18:34', '2023-09-25 01:18:34'),
(5, 'PC Làm Việc', '2023-09-25 01:18:49', '2023-09-25 01:18:49'),
(6, 'Bộ Nhớ Lưu Trữ', '2023-09-25 01:19:19', '2023-09-25 01:19:19'),
(7, 'Linh Kiện PC', '2023-09-25 01:19:31', '2023-09-25 01:19:31'),
(8, 'Apple', '2023-09-25 01:19:50', '2023-09-25 01:19:50'),
(9, 'Màn Hình', '2023-09-25 01:19:58', '2023-09-25 01:19:58'),
(10, 'Bàn Phím', '2023-09-25 01:20:10', '2023-09-25 01:20:10'),
(11, 'Chuột + Lót Chuột', '2023-09-25 01:20:31', '2023-09-25 01:20:31'),
(12, 'Tai Nghe - Loa', '2023-09-25 01:20:42', '2023-09-25 01:20:42'),
(13, 'Ghế - Bàn', '2023-09-25 01:20:56', '2023-09-25 01:20:56'),
(14, 'Phần Mềm & Mạng', '2023-09-25 01:21:04', '2023-09-25 01:21:04'),
(15, 'Phụ Kiện', '2023-09-25 01:22:07', '2023-09-25 01:22:07');

-- --------------------------------------------------------

--
-- Cấu trúc bảng cho bảng `migrations`
--

CREATE TABLE `migrations` (
  `id` int(10) UNSIGNED NOT NULL,
  `migration` varchar(255) NOT NULL,
  `batch` int(11) NOT NULL
) ENGINE=InnoDB DEFAULT CHARSET=utf8mb4 COLLATE=utf8mb4_unicode_ci;

--
-- Đang đổ dữ liệu cho bảng `migrations`
--

INSERT INTO `migrations` (`id`, `migration`, `batch`) VALUES
(1, '2014_10_12_000000_create_users_table', 1),
(2, '2014_10_12_100000_create_password_reset_tokens_table', 1),
(3, '2014_10_12_100000_create_password_resets_table', 1),
(4, '2019_08_19_000000_create_failed_jobs_table', 1),
(5, '2019_12_14_000001_create_personal_access_tokens_table', 1),
(6, '2023_09_16_150102_add_role_to_users_table', 1),
(7, '2023_09_17_145513_add_status_to_users_table', 1),
(8, '2023_09_18_091652_create_posts_table', 1),
(9, '2023_09_19_040227_add_thumbnail_to_posts_table', 1),
(10, '2023_09_19_083359_create_main_categories_table', 1),
(11, '2023_09_19_083428_create_categories_table', 1),
(12, '2023_09_20_094424_create_child_categories_table', 1),
(13, '2023_09_21_012559_create_websites_table', 1),
(14, '2023_09_21_033747_create_products_table', 1),
(15, '2023_09_21_034012_add_status_to_products_table', 1),
(16, '2023_09_23_073727_create_images_table', 1),
(17, '2023_09_23_080412_add_new_to_websites_table', 1);

-- --------------------------------------------------------

--
-- Cấu trúc bảng cho bảng `password_resets`
--

CREATE TABLE `password_resets` (
  `email` varchar(255) NOT NULL,
  `token` varchar(255) NOT NULL,
  `created_at` timestamp NULL DEFAULT NULL
) ENGINE=InnoDB DEFAULT CHARSET=utf8mb4 COLLATE=utf8mb4_unicode_ci;

-- --------------------------------------------------------

--
-- Cấu trúc bảng cho bảng `password_reset_tokens`
--

CREATE TABLE `password_reset_tokens` (
  `email` varchar(255) NOT NULL,
  `token` varchar(255) NOT NULL,
  `created_at` timestamp NULL DEFAULT NULL
) ENGINE=InnoDB DEFAULT CHARSET=utf8mb4 COLLATE=utf8mb4_unicode_ci;

-- --------------------------------------------------------

--
-- Cấu trúc bảng cho bảng `personal_access_tokens`
--

CREATE TABLE `personal_access_tokens` (
  `id` bigint(20) UNSIGNED NOT NULL,
  `tokenable_type` varchar(255) NOT NULL,
  `tokenable_id` bigint(20) UNSIGNED NOT NULL,
  `name` varchar(255) NOT NULL,
  `token` varchar(64) NOT NULL,
  `abilities` text DEFAULT NULL,
  `last_used_at` timestamp NULL DEFAULT NULL,
  `expires_at` timestamp NULL DEFAULT NULL,
  `created_at` timestamp NULL DEFAULT NULL,
  `updated_at` timestamp NULL DEFAULT NULL
) ENGINE=InnoDB DEFAULT CHARSET=utf8mb4 COLLATE=utf8mb4_unicode_ci;

-- --------------------------------------------------------

--
-- Cấu trúc bảng cho bảng `posts`
--

CREATE TABLE `posts` (
  `id` bigint(20) UNSIGNED NOT NULL,
  `title` varchar(255) NOT NULL,
  `short_description` text NOT NULL,
  `detail` text NOT NULL,
  `created_at` timestamp NULL DEFAULT NULL,
  `updated_at` timestamp NULL DEFAULT NULL,
  `thumbnail` varchar(500) NOT NULL
) ENGINE=InnoDB DEFAULT CHARSET=utf8mb4 COLLATE=utf8mb4_unicode_ci;

-- --------------------------------------------------------

--
-- Cấu trúc bảng cho bảng `products`
--

CREATE TABLE `products` (
  `id` bigint(20) UNSIGNED NOT NULL,
  `name` varchar(255) NOT NULL,
  `rate` tinyint(3) UNSIGNED DEFAULT NULL,
  `price` bigint(20) UNSIGNED NOT NULL,
  `discount` tinyint(3) UNSIGNED NOT NULL,
  `avatar` varchar(255) NOT NULL,
  `product_code` varchar(255) NOT NULL,
  `description` varchar(255) NOT NULL,
  `detail` text NOT NULL,
  `cat_id` bigint(20) UNSIGNED NOT NULL,
  `created_at` timestamp NULL DEFAULT NULL,
  `updated_at` timestamp NULL DEFAULT NULL,
  `status` tinyint(4) DEFAULT NULL
) ENGINE=InnoDB DEFAULT CHARSET=utf8mb4 COLLATE=utf8mb4_unicode_ci;

-- --------------------------------------------------------

--
-- Cấu trúc bảng cho bảng `users`
--

CREATE TABLE `users` (
  `id` bigint(20) UNSIGNED NOT NULL,
  `name` varchar(255) NOT NULL,
  `address` varchar(255) DEFAULT NULL,
  `phone_number` varchar(10) DEFAULT NULL,
  `email` varchar(255) NOT NULL,
  `email_verified_at` timestamp NULL DEFAULT NULL,
  `password` varchar(255) NOT NULL,
  `role` varchar(255) DEFAULT NULL,
  `remember_token` varchar(100) DEFAULT NULL,
  `created_at` timestamp NULL DEFAULT NULL,
  `updated_at` timestamp NULL DEFAULT NULL,
  `status` varchar(255) DEFAULT NULL
) ENGINE=InnoDB DEFAULT CHARSET=utf8mb4 COLLATE=utf8mb4_unicode_ci;

--
-- Đang đổ dữ liệu cho bảng `users`
--

INSERT INTO `users` (`id`, `name`, `address`, `phone_number`, `email`, `email_verified_at`, `password`, `role`, `remember_token`, `created_at`, `updated_at`, `status`) VALUES
(1, 'William', NULL, NULL, 'phamvinhquang14042003@gmail.com', NULL, '$2y$10$qyATTXtyiX2poPrn3U31k.MaoC/5/ziD5xQ6ZgN4hMwPf21Gz.YxW', 'USER', NULL, '2023-09-25 01:10:14', '2023-09-25 01:10:14', NULL),
(2, 'Phan Thanh Hóa', NULL, NULL, 'hptprobook@gmail.com', NULL, '$2y$10$MwEgiTlQtSO0VAeqKVlICu5tsNmD4DEaQx4uxTox.dQDfKG1798sm', 'USER', NULL, '2023-09-26 19:12:37', '2023-09-26 19:12:37', NULL);

-- --------------------------------------------------------

--
-- Cấu trúc bảng cho bảng `websites`
--

CREATE TABLE `websites` (
  `id` bigint(20) UNSIGNED NOT NULL,
  `title` varchar(255) NOT NULL,
  `logo` text DEFAULT NULL,
  `description` text NOT NULL,
  `support_phone` text DEFAULT NULL,
  `support_email` text DEFAULT NULL,
  `care_phone` text DEFAULT NULL,
  `hotline` text DEFAULT NULL,
  `facebook` text DEFAULT NULL,
  `zalo` text DEFAULT NULL,
  `big_banners` text DEFAULT NULL,
  `child_banners` text DEFAULT NULL,
  `deal_banners` text DEFAULT NULL,
  `footer_banners` text DEFAULT NULL,
  `created_at` timestamp NULL DEFAULT NULL,
  `updated_at` timestamp NULL DEFAULT NULL
) ENGINE=InnoDB DEFAULT CHARSET=utf8mb4 COLLATE=utf8mb4_unicode_ci;

--
-- Đang đổ dữ liệu cho bảng `websites`
--

INSERT INTO `websites` (`id`, `title`, `logo`, `description`, `support_phone`, `support_email`, `care_phone`, `hotline`, `facebook`, `zalo`, `big_banners`, `child_banners`, `deal_banners`, `footer_banners`, `created_at`, `updated_at`) VALUES
(1, 'Xin chào', NULL, '', NULL, NULL, NULL, '19900293', NULL, NULL, NULL, NULL, NULL, NULL, NULL, NULL);

--
-- Chỉ mục cho các bảng đã đổ
--

--
-- Chỉ mục cho bảng `categories`
--
ALTER TABLE `categories`
  ADD PRIMARY KEY (`id`),
  ADD KEY `categories_main_cat_id_foreign` (`main_cat_id`);

--
-- Chỉ mục cho bảng `child_categories`
--
ALTER TABLE `child_categories`
  ADD PRIMARY KEY (`id`),
  ADD KEY `child_categories_cat_id_foreign` (`cat_id`);

--
-- Chỉ mục cho bảng `failed_jobs`
--
ALTER TABLE `failed_jobs`
  ADD PRIMARY KEY (`id`),
  ADD UNIQUE KEY `failed_jobs_uuid_unique` (`uuid`);

--
-- Chỉ mục cho bảng `images`
--
ALTER TABLE `images`
  ADD PRIMARY KEY (`id`),
  ADD KEY `images_product_id_foreign` (`product_id`);

--
-- Chỉ mục cho bảng `main_categories`
--
ALTER TABLE `main_categories`
  ADD PRIMARY KEY (`id`);

--
-- Chỉ mục cho bảng `migrations`
--
ALTER TABLE `migrations`
  ADD PRIMARY KEY (`id`);

--
-- Chỉ mục cho bảng `password_resets`
--
ALTER TABLE `password_resets`
  ADD KEY `password_resets_email_index` (`email`);

--
-- Chỉ mục cho bảng `password_reset_tokens`
--
ALTER TABLE `password_reset_tokens`
  ADD PRIMARY KEY (`email`);

--
-- Chỉ mục cho bảng `personal_access_tokens`
--
ALTER TABLE `personal_access_tokens`
  ADD PRIMARY KEY (`id`),
  ADD UNIQUE KEY `personal_access_tokens_token_unique` (`token`),
  ADD KEY `personal_access_tokens_tokenable_type_tokenable_id_index` (`tokenable_type`,`tokenable_id`);

--
-- Chỉ mục cho bảng `posts`
--
ALTER TABLE `posts`
  ADD PRIMARY KEY (`id`);

--
-- Chỉ mục cho bảng `products`
--
ALTER TABLE `products`
  ADD PRIMARY KEY (`id`),
  ADD KEY `products_cat_id_foreign` (`cat_id`);

--
-- Chỉ mục cho bảng `users`
--
ALTER TABLE `users`
  ADD PRIMARY KEY (`id`),
  ADD UNIQUE KEY `users_email_unique` (`email`);

--
-- Chỉ mục cho bảng `websites`
--
ALTER TABLE `websites`
  ADD PRIMARY KEY (`id`);

--
-- AUTO_INCREMENT cho các bảng đã đổ
--

--
-- AUTO_INCREMENT cho bảng `categories`
--
ALTER TABLE `categories`
  MODIFY `id` bigint(20) UNSIGNED NOT NULL AUTO_INCREMENT, AUTO_INCREMENT=133;

--
-- AUTO_INCREMENT cho bảng `child_categories`
--
ALTER TABLE `child_categories`
  MODIFY `id` bigint(20) UNSIGNED NOT NULL AUTO_INCREMENT, AUTO_INCREMENT=531;

--
-- AUTO_INCREMENT cho bảng `failed_jobs`
--
ALTER TABLE `failed_jobs`
  MODIFY `id` bigint(20) UNSIGNED NOT NULL AUTO_INCREMENT;

--
-- AUTO_INCREMENT cho bảng `images`
--
ALTER TABLE `images`
  MODIFY `id` bigint(20) UNSIGNED NOT NULL AUTO_INCREMENT;

--
-- AUTO_INCREMENT cho bảng `main_categories`
--
ALTER TABLE `main_categories`
  MODIFY `id` bigint(20) UNSIGNED NOT NULL AUTO_INCREMENT, AUTO_INCREMENT=16;

--
-- AUTO_INCREMENT cho bảng `migrations`
--
ALTER TABLE `migrations`
  MODIFY `id` int(10) UNSIGNED NOT NULL AUTO_INCREMENT, AUTO_INCREMENT=18;

--
-- AUTO_INCREMENT cho bảng `personal_access_tokens`
--
ALTER TABLE `personal_access_tokens`
  MODIFY `id` bigint(20) UNSIGNED NOT NULL AUTO_INCREMENT;

--
-- AUTO_INCREMENT cho bảng `posts`
--
ALTER TABLE `posts`
  MODIFY `id` bigint(20) UNSIGNED NOT NULL AUTO_INCREMENT;

--
-- AUTO_INCREMENT cho bảng `products`
--
ALTER TABLE `products`
  MODIFY `id` bigint(20) UNSIGNED NOT NULL AUTO_INCREMENT;

--
-- AUTO_INCREMENT cho bảng `users`
--
ALTER TABLE `users`
  MODIFY `id` bigint(20) UNSIGNED NOT NULL AUTO_INCREMENT, AUTO_INCREMENT=3;

--
-- AUTO_INCREMENT cho bảng `websites`
--
ALTER TABLE `websites`
  MODIFY `id` bigint(20) UNSIGNED NOT NULL AUTO_INCREMENT, AUTO_INCREMENT=2;

--
-- Các ràng buộc cho các bảng đã đổ
--

--
-- Các ràng buộc cho bảng `categories`
--
ALTER TABLE `categories`
  ADD CONSTRAINT `categories_main_cat_id_foreign` FOREIGN KEY (`main_cat_id`) REFERENCES `main_categories` (`id`) ON DELETE CASCADE;

--
-- Các ràng buộc cho bảng `child_categories`
--
ALTER TABLE `child_categories`
  ADD CONSTRAINT `child_categories_cat_id_foreign` FOREIGN KEY (`cat_id`) REFERENCES `categories` (`id`) ON DELETE CASCADE;

--
-- Các ràng buộc cho bảng `images`
--
ALTER TABLE `images`
  ADD CONSTRAINT `images_product_id_foreign` FOREIGN KEY (`product_id`) REFERENCES `products` (`id`);

--
-- Các ràng buộc cho bảng `products`
--
ALTER TABLE `products`
  ADD CONSTRAINT `products_cat_id_foreign` FOREIGN KEY (`cat_id`) REFERENCES `child_categories` (`id`);
COMMIT;

/*!40101 SET CHARACTER_SET_CLIENT=@OLD_CHARACTER_SET_CLIENT */;
/*!40101 SET CHARACTER_SET_RESULTS=@OLD_CHARACTER_SET_RESULTS */;
/*!40101 SET COLLATION_CONNECTION=@OLD_COLLATION_CONNECTION */;
